Risk ID,Category,Risk title,Objectives,Value pillars,Value effects,Level 3 drivers,Processes,Cause,Risk event,Consequences,Accountable executive,Risk owner,Affected units,Time horizon,Velocity,Inherent likelihood,Inherent impact,Residual likelihood,Residual impact,Target likelihood,Target impact,Appetite status,Trend,Status,Enterprise escalation,Treatment decision,Current mitigation,Evidence / rationale
SBD-R001,Fleet & capacity,Investment in fleet capacity that does not match future demand,OBJ-02; OBJ-03,PIL-01; PIL-02; PIL-03; PIL-05,Organic EBITDA; Investment EBITDA; Multiple; Cash/NIBD,3.2.1; 3.1.2; 3.5.1,SBD-P02; SBD-P04; SBD-P06; SBD-P07,"OUTCOME DRIVERS (market/context): uncertain salmon production, customer demand and competitor capacity forecasts. TRIDENT-SIDE FAILURE MODES (actionable): (1) investment case built on a single demand scenario without downside bands; (2) segment/geo capacity commits ahead of validated orderbook or utilization evidence; (3) competitor delivery pipeline not refreshed into the fleet plan; (4) no stage-gate linking forecast refresh to Capex go/no-go; (5) Finance/Commercial/Ops assumptions not reconciled before FID.",Trident commits capital to vessel segments or geographies with insufficient demand,"Low utilization, reduced returns and constrained financial flexibility",Trond V. Thomson,,Finance; Commercial; Vessel Operations,1–3 years,Medium,4,5,3,4,2,3,Outside appetite,Increasing,Treatment in progress,Yes,,"S&BD+Finance: (1) maintain a multi-scenario demand and competitor-capacity pack for each Capex case; (2) require orderbook/utilization evidence thresholds before capacity commit; (3) quarterly refresh of competitor delivery pipeline into the fleet plan; (4) stage-gate Capex decisions to the latest forecast cycle (SBD-P02/P04/P06); (5) cross-functional assumption sign-off (S&BD, Commercial, Ops, Finance) before FID.",Illustrative – validate
SBD-R002,Strategy execution,Strategic initiatives fail to translate into accountable execution,OBJ-01; OBJ-04,PIL-01; PIL-03; PIL-04,Organic EBITDA; Multiple; Cash conversion,3.3.8; 3.3.7,SBD-P01; SBD-P12,"OUTCOME DRIVERS (market/context): strategy agenda outpaces delivery capacity and cross-functional bandwidth. TRIDENT-SIDE FAILURE MODES (actionable): (1) initiatives launched without a named accountable owner; (2) no capacity check against existing workload before adding workstreams; (3) milestones missing, soft, or not time-bound; (4) cross-functional dependencies not mapped or staffed; (5) no escalation when initiatives slip versus the operating agenda.",Material strategic initiatives are delayed or incompletely implemented,"Growth, integration and value-creation targets are not achieved",Trond V. Thomson,,All units,0–12 months,Medium,4,4,3,3,2,2,Approaching appetite,Stable,Treatment in progress,Yes,,S&BD: (1) assign a single accountable owner per material initiative before kick-off; (2) capacity-check new initiatives against current portfolio load; (3) publish time-bound milestones and decision gates in the SBD-P01/P12 cadence; (4) map and staff cross-functional dependencies at launch; (5) escalate slipped initiatives monthly until back on plan or formally stopped.,Illustrative – validate
SBD-R003,New business models,SFaaS expansion creates exposures outside established capabilities,OBJ-03; OBJ-05,PIL-02; PIL-03; PIL-05,Investment EBITDA; Multiple; Cash/NIBD,3.2.5; 3.2.4; 3.3.8,SBD-P03; SBD-P04; SBD-P07; SBD-P08,Expansion from vessel services into aquaculture infrastructure,"The operating model, technology or commercial structure performs below plan","Capital loss, operational liabilities and reputational harm",Trond V. Thomson,,Finance; Commercial; Technical & HSEQ; Vessel Operations,>3 years,Slow,3,5,3,4,2,3,Approaching appetite,Stable,Monitoring,Yes,,,Illustrative – validate
SBD-R004,Data & assumptions,Strategic decisions rely on incomplete or unreliable information,OBJ-01; OBJ-02; OBJ-03,PIL-01; PIL-02; PIL-03; PIL-04; PIL-05,Organic EBITDA; Investment EBITDA; Multiple; Cash conversion; Cash/NIBD,3.3.7; 3.3.1,SBD-P01; SBD-P02; SBD-P04,OUTCOME DRIVERS (market/context): group data and external intelligence are fragmented or inconsistent across sources. TRIDENT-SIDE FAILURE MODES (actionable): (1) decisions taken on single-source or stale packs; (2) no owner for reconciling conflicting market/ops/finance figures; (3) external intelligence not systematized into the decision calendar; (4) assumptions not versioned or challengeable before boards/gates; (5) post-decision feedback not captured to improve the next pack.,Management bases decisions on assumptions that are not sufficiently tested,Misallocation of capital and delayed corrective decisions,Trond V. Thomson,,Finance; Commercial; ICT; Vessel Operations,0–12 months,Fast,4,4,3,3,2,2,Approaching appetite,Stable,Open,No,,"S&BD: (1) require a reconciled decision pack (market, ops, finance) before material gates; (2) name a data owner to resolve conflicting figures before use; (3) put external intelligence on a recurring refresh calendar into SBD-P01/P02/P04; (4) version and challenge key assumptions at each decision gate; (5) log decision outcomes versus pack assumptions for the next cycle.",Illustrative – validate
SBD-R005,M&A & integration,Acquisitions fail to deliver expected synergies,OBJ-01; OBJ-04,PIL-02; PIL-03; PIL-04; PIL-05,Investment EBITDA; Multiple; Cash conversion; Cash/NIBD,3.2.4; 3.3.8; 3.5.1,SBD-P08; SBD-P12,"Due diligence, integration planning or ownership of synergies is insufficient",An acquired business is not integrated effectively,"Synergies are delayed, costs increase and group governance remains fragmented",Trond V. Thomson,,All units,1–3 years,Medium,4,4,3,4,2,3,Outside appetite,Stable,Treatment in progress,Yes,,,Illustrative – validate
SBD-R101,Market development,Contract renewals fail to deliver planned rate uplift,OBJ-01; OBJ-02,PIL-01,Organic EBITDA; Cash/NIBD,3.1.1; 3.1.3,SBD-P02; SBD-P05; SBD-P12,"OUTCOME DRIVERS (market): tender pressure, soft utilization, customer resistance to re-pricing toward newbuild parity. TRIDENT-SIDE FAILURE MODES (actionable): (1) renewal calendar without a per-contract rate/terms mandate (corridor, indexation, duration); (2) weak comps / newbuild-parity pack for negotiators before talks open; (3) no clear BATNA (redeploy, idle, or other region), so soft rates get accepted; (4) late escalation when the renewal forecast slips versus the uplift plan; (5) term-playbook not applied in negotiation (indexation, tenor, off-hire, signing gates).",Material renewals close at rates below the organic rate-uplift plan.,Like-for-like EBITDA and cash generation undershoot the value-creation plan.,Trond V. Thomson,,Commercial; Strategy & BD,0–12 months,Medium,4,4,3,3,2,2,Approaching appetite,Stable,Treatment in progress,Yes,Treat,"S&BD+Commercial: (1) keep a 12-24 month renewal calendar with target TC rate, indexation, and duration per material contract; (2) require a pre-negotiation brief (comps, customer alternatives, BATNA) before talks open; (3) set a formal rate/terms mandate from CCO/S&BD and a deal-review gate before signing below corridor; (4) run a monthly renewal gap versus plan with escalation when below corridor; (5) link the SBD-P05 operating agenda to each material renewal (mandate, gap, escalate, feed back).",Operationalized for S&BD: outcome risk broken into Trident controllable failure modes and mitigations — validate with Commercial.
SBD-R102,Fleet & capacity,Segment orderbook dilutes utilization of the existing fleet,OBJ-01; OBJ-02,PIL-01; PIL-03,Organic EBITDA; Multiple,3.1.2; 3.3.4,SBD-P02; SBD-P05; SBD-P06,OUTCOME DRIVERS (market/context): industry deliveries temporarily exceed demand intensity in premium or adjacent segments. TRIDENT-SIDE FAILURE MODES (actionable): (1) orderbook and competitor delivery watch not tied to Trident utilization forecasts; (2) new awards pursued without testing dilution on the existing fleet; (3) no early trigger when segment utilization or rate softens versus plan; (4) segment mix bets not revisited when oversupply signals appear; (5) Commercial incentives favor volume over protecting existing utilization.,Paid utilization and off-hire performance on existing vessels deteriorate below plan.,"Organic EBITDA, contract quality optics, and near-term cash conversion weaken.",Trond V. Thomson,,Commercial; Vessel Operations; Strategy & BD,1–3 years,Medium,4,4,3,3,2,2,Approaching appetite,Increasing,Draft,Yes,,"S&BD+Commercial: (1) maintain a segment orderbook/delivery watch linked to utilization forecast; (2) require an existing-fleet dilution test before pursuing material new awards; (3) set utilization/rate soft-landing triggers with escalation to SBD-P02/P05; (4) revisit segment mix bets when oversupply signals breach threshold; (5) weight Commercial scorecards to protect core fleet utilization, not only new volume.",Draft from Project Armada VCDD themes – requires management validation
SBD-R103,Competitive position,"Commercial terms erode (indexation, pass-through, duration)",OBJ-01; OBJ-02,PIL-01; PIL-03,Organic EBITDA; Multiple,3.1.3; 3.3.2,SBD-P05; SBD-P02,"OUTCOME DRIVERS (market/context): customers push back on CPI indexation, fuel pass-through, or multi-year tenure. TRIDENT-SIDE FAILURE MODES (actionable): (1) term-playbook not loaded into renewal/new-award mandates; (2) negotiators concede indexation or pass-through without a priced trade; (3) short tenor accepted without premium or exit rights; (4) no deal-review gate when core terms fall below playbook minimums; (5) lost-term patterns not fed back into the next negotiation cycle.",New and renewed contracts carry weaker economic protections than the operating agenda assumes.,Margin compression and higher earnings volatility reduce organic EBITDA quality.,Trond V. Thomson,,Commercial; Strategy & BD,1–3 years,Medium,3,4,3,3,2,2,Approaching appetite,Stable,Draft,Yes,,"S&BD+Commercial: (1) load term-playbook minimums (indexation, pass-through, tenor) into every material mandate; (2) require a priced trade for any concession on indexation or pass-through; (3) accept short tenor only with premium and/or Trident exit rights; (4) deal-review gate before signing below playbook minimums; (5) capture lost-term patterns into the next SBD-P05 negotiation cycle.",Draft from Project Armada VCDD themes – requires management validation
SBD-R104,Geographic expansion,Fleet redeployment misses higher-return regional demand,OBJ-01; OBJ-02,PIL-01,Organic EBITDA; Cash/NIBD,3.1.2; 3.1.1,SBD-P02; SBD-P05; SBD-P06,"OUTCOME DRIVERS (market/context): regional willingness-to-pay and demand differ; tonnage can remain in lower-return regions while another region (e.g. Chile) is short. TRIDENT-SIDE FAILURE MODES (actionable): (1) market intel not turned into a timed portfolio case (demand evidence, vessel fit, constraints); (2) treating inter-region moves as liquid — ignoring reconstruction, yard slot, transit, flag/class/biosecurity, and commercial exit costs; (3) no ranked options with full economics (move / wait / serve another way) and weak-region exit constraints not mapped early; (4) slow S&BD–Commercial–Ops decision rights so the Chile window closes, or no trigger when regional EBITDA/rate-utilization spread vs plan breaches threshold; (5) Chile (or destination) cannibalisation ignored — stronger incoming vessel can idle or reprice less competitive tonnage already in region.",Vessels remain under-monetized relative to achievable regional rate and utilization differentials.,Organic EBITDA growth lags peers and the platform's global flexibility advantage is underused.,Trond V. Thomson,,Commercial; Strategy & BD; Vessel Operations,1–3 years,Medium,3,3,2,3,2,2,Within appetite,Stable,Treatment in progress,No,Treat,"S&BD-led portfolio case (not a liquid move): (1) quarterly regional rate/utilization/EBITDA heat map vs P05 plan with a breach trigger to open a redeployment case (owner + decision deadline; do not auto-move); (2) ranked shortlist with vessel fit PLUS reconstruction scope/cost/time, transit and regulatory path, and exit/novation costs in the weak region; (3) destination impact pack: expected cannibalisation on existing Chile (or other) vessels — utilization, rate, residual value; (4) decision forum S&BD-Commercial-Ops: approve move / wait / alternative only if net fleet EBITDA after transaction costs and cannibalisation clears the hurdle (SBD-P02/P05/P06); (5) document rejected moves so the same weak case is not endlessly reopened.","Operationalized: focus on decision speed and intel-to-action, not only market geography — validate."
SBD-R105,Market development,Underlying salmon supply growth undershoots consensus,OBJ-01; OBJ-02,PIL-01; PIL-02,Organic EBITDA; Investment EBITDA,3.1.2; 3.2.1,SBD-P02; SBD-P01; SBD-P09,"OUTCOME DRIVERS (market/context): regulatory caps, biological setbacks, or slower farmer efficiency cut sea-based production growth below plan. TRIDENT-SIDE FAILURE MODES (actionable): (1) capacity and commercial plans locked to consensus growth without downside bands; (2) regional biology/regulatory signals not escalated into S&BD planning; (3) no early reforecast when farmer production guidance softens; (4) vessel pipeline and hiring not flexed when supply undershoots; (5) strategy narrative keeps assuming consensus growth after evidence turns.",Vessel-service demand growth slows across core regions and segments.,"Utilization and rate momentum soften, pressuring organic EBITDA and delaying investment cases.",Trond V. Thomson,,Strategy & BD; Commercial,1–3 years,Slow,3,5,3,4,2,3,Approaching appetite,Stable,Draft,Yes,,S&BD: (1) hold downside and base supply scenarios in the fleet/commercial plan; (2) route regional biology and regulatory signals into SBD-P02/P01/P09 on a fixed cadence; (3) trigger reforecast when farmer guidance or harvest indicators soften; (4) flex vessel pipeline and crewing plans when supply undershoots consensus; (5) update the growth narrative and Capex gates when consensus is no longer evidence-based.,Draft from Project Armada VCDD themes – requires management validation
SBD-R106,Organizational capacity,Crewing and operating-cost inflation outpaces rate growth,OBJ-01,PIL-01,Organic EBITDA; Cash/NIBD,3.1.5; 3.1.4; 3.1.1,SBD-P05; SBD-P12,OUTCOME DRIVERS (market/context): wage/opex inflation outpaces renewal revenue. TRIDENT-SIDE FAILURE MODES (actionable): (1) rate mandates ignore cost inflation outlook; (2) no joint rate-vs-cost bridge in renewals; (3) CPI/pass-through terms not pushed when cost outlook is hot; (4) S&BD does not force Commercial+Crewing+Ops cost view into pricing; (5) lag between cost signals and renewal instructions.,Contribution margins on the existing fleet compress despite stable utilization.,Organic EBITDA and cash conversion fall short of budget even when commercial volumes hold.,Trond V. Thomson,,Vessel Operations; Crewing; Commercial; Finance,0–12 months,Medium,4,3,3,3,2,2,Approaching appetite,Increasing,Treatment in progress,No,Treat,"S&BD coordinates: (1) quarterly cost-inflation outlook from Crewing/Ops/Finance into pricing corridor; (2) renewal mandates include minimum indexation/pass-through when cost outlook exceeds agreed threshold; (3) rate-vs-cost bridge required in pre-negotiation brief; (4) reject/escalate renewals that lock flat rates into a rising-cost window; (5) track margin after crewing/opex, not only headline TC (SBD-P05/P12).",Operationalized: S&BD lever is pricing/terms discipline fed by cost intel — Ops/Crewing own cost delivery.
SBD-R107,Fleet & capacity,Newbuild economics miss approved yield and IRR thresholds,OBJ-03; OBJ-05,PIL-02; PIL-05,Investment EBITDA; Capital allocation; Cash/NIBD,3.2.1; 3.5.2,SBD-P03; SBD-P04; SBD-P07,"Yard CAPEX inflation, specification creep, delayed delivery, or weaker charter terms than underwritten.",Delivered newbuilds generate EBITDA yields or IRRs below Board-approved investment criteria.,Investment EBITDA growth destroys rather than creates equity value and ties up scarce capital.,Trond V. Thomson,,Strategy & BD; Finance; Technical & HSEQ,1–3 years,Medium,4,5,3,4,2,3,Outside appetite,Stable,Draft,Yes,,,Draft from Project Armada VCDD themes – requires management validation
SBD-R108,Fleet & capacity,Yard capacity and delivery risk delays growth CAPEX realization,OBJ-03; OBJ-05,PIL-02,Investment EBITDA; Cash/NIBD,3.2.1; 3.2.2,SBD-P07; SBD-P04,"Limited global yard slots, equipment lead times, or supplier bottlenecks for specialized aquaculture vessels.",Newbuild or reconstruction projects slip versus commercial start-up assumptions.,"Incremental EBITDA is deferred, opportunity windows are missed, and carrying costs rise.",Trond V. Thomson,,Strategy & BD; Technical & HSEQ; Finance,1–3 years,Medium,3,4,3,3,2,2,Approaching appetite,Stable,Draft,Yes,,,Draft from Project Armada VCDD themes – requires management validation
SBD-R109,Capital allocation,Second-hand vessel or reconstruction investments are mispriced,OBJ-03,PIL-02; PIL-05,Investment EBITDA; Capital allocation; Cash/NIBD,3.2.2; 3.2.3; 3.5.2,SBD-P03; SBD-P04; SBD-P06; SBD-P07,"Incomplete technical diligence, optimistic residual-value or upgrade-cost assumptions, or competitive auction dynamics.",Acquired or reconstructed assets underperform risk-adjusted return hurdles after integration.,Capital is locked in suboptimal assets and portfolio ROIC deteriorates.,Trond V. Thomson,,Strategy & BD; Technical & HSEQ; Finance,1–3 years,Medium,3,4,3,3,2,2,Approaching appetite,Stable,Draft,Yes,,,Draft from Project Armada VCDD themes – requires management validation
SBD-R110,M&A & integration,Platform M&A overpays or fails to capture identifiable synergies,OBJ-03; OBJ-04; OBJ-05,PIL-02; PIL-05; PIL-03,Investment EBITDA; Capital allocation; Multiple,3.2.4; 3.5.1; 3.3.8,SBD-P08; SBD-P04; SBD-P12,"Aggressive bidding, weak diligence on commercial quality, or unclear synergy ownership post-close.","Acquired EBITDA arrives late, diluted, or below the investment case after integration costs.",Investment returns miss hurdles and governance/scalability benefits expected from scale are delayed.,Trond V. Thomson,,Strategy & BD; Finance; All units,1–3 years,Medium,4,5,3,4,2,3,Outside appetite,Stable,Draft,Yes,,,Draft from Project Armada VCDD themes – requires management validation
SBD-R111,Geographic expansion,Norway share build fails despite claimed right-to-play,OBJ-05; OBJ-02,PIL-02; PIL-01,Investment EBITDA; Organic EBITDA,3.2.3; 3.1.2; 3.2.1,SBD-P02; SBD-P03; SBD-P05; SBD-P08,"OUTCOME DRIVERS (market/context): incumbent relationships, tender criteria, local presence gaps, or premium-price perception limit Norway awards. TRIDENT-SIDE FAILURE MODES (actionable): (1) Norway pursuit plan without account-level relationship and tender map; (2) tender criteria and scoring not reverse-engineered before bid; (3) local presence / partnering gaps left unclosed before material tenders; (4) premium-price story not evidenced with service differentials farmers care about; (5) lost-bid after-action not fed into the next Norway campaign.","Wellboat, harvest, or premium-service growth in Norway materially undershoots the strategic plan.",Investment EBITDA and platform diversification benefits from the largest market are deferred.,Trond V. Thomson,,Strategy & BD; Commercial,1–3 years,Medium,4,4,3,3,2,2,Approaching appetite,Increasing,Draft,Yes,,S&BD+Commercial: (1) maintain an account-level Norway relationship and tender calendar (SBD-P02/P03/P05/P08); (2) reverse-engineer tender criteria and scoring before each material bid; (3) close local presence or partnering gaps ahead of tender windows; (4) evidence the premium with farmer-relevant service differentials in the bid pack; (5) run lost-bid after-action into the next Norway campaign within a fixed deadline.,Draft from Project Armada VCDD themes – requires management validation
SBD-R112,New business models,"New growth platforms (e.g., SFaaS) underperform or divert focus",OBJ-05; OBJ-03,PIL-02; PIL-03; PIL-05,Investment EBITDA; Multiple; Cash/NIBD,3.2.5; 3.2.4,SBD-P03; SBD-P04; SBD-P07; SBD-P08,Expansion beyond core vessel services into aquaculture infrastructure or adjacent models without proven operating capability.,"New platforms miss commercial, technical, or capital-return milestones while consuming management attention.","Capital loss, reputational risk, and slower delivery of core investment EBITDA ensue.",Trond V. Thomson,,Strategy & BD; Finance; Technical & HSEQ,>3 years,Slow,3,5,3,4,2,3,Approaching appetite,Stable,Draft,Yes,,,Draft from Project Armada VCDD themes – requires management validation
SBD-R113,Data & assumptions,Segment mix bets misread demand intensity by vessel type,OBJ-03; OBJ-05,PIL-02; PIL-01,Investment EBITDA; Organic EBITDA,3.2.1; 3.1.2; 3.2.3,SBD-P02; SBD-P03; SBD-P04,"OUTCOME DRIVERS (market/context): segment growth (wellboat, premium service, harvest, feed-carrier) can diverge from region-specific adoption and biology. TRIDENT-SIDE FAILURE MODES (actionable): (1) segment mix bets set from global headlines rather than region-biology evidence; (2) no comparative intensity view across vessel types before Capex or commercial push; (3) overweight segments not stress-tested against adoption lag; (4) portfolio rebalance triggers missing when utilization or rate by type softens; (5) S&BD narrative locks segment winners before evidence matures.",Capital is committed to the wrong segment relative to realized demand and competitor capacity.,Investment EBITDA yields disappoint and existing-fleet utilization in overbuilt segments softens.,Trond V. Thomson,,Strategy & BD; Commercial; Finance,1–3 years,Medium,3,4,3,3,2,2,Approaching appetite,Stable,Draft,Yes,,S&BD: (1) build region-biology and adoption evidence packs per vessel type (SBD-P02/P03/P04); (2) require comparative demand-intensity view before Capex or commercial push; (3) stress-test overweight segments for adoption lag and biology constraints; (4) set rebalance triggers when utilization/rate by type softens vs plan; (5) keep segment-winner claims provisional until evidence gates are met.,Draft from Project Armada VCDD themes – requires management validation
SBD-R114,Customer concentration,Earnings visibility weakened by lower long-term TC coverage,OBJ-02; OBJ-06,PIL-03,Multiple,3.3.1; 3.3.2; 3.3.4,SBD-P05; SBD-P02; SBD-P13,"Contract expiries cluster, renewals shorten, or more vessels shift toward spot or shorter tenors.",Contracted EBITDA share and average remaining contract duration fall materially.,Valuation multiple compresses due to perceived earnings unpredictability at exit.,Trond V. Thomson,,Commercial; Strategy & BD; Finance,1–3 years,Medium,3,5,3,4,2,3,Outside appetite,Stable,Draft,Yes,,,Draft from Project Armada VCDD themes – requires management validation
SBD-R115,Customer concentration,Counterparty or top-customer concentration crystallizes,OBJ-01; OBJ-06,PIL-03,Multiple,3.3.3; 3.3.1; 3.3.4,SBD-P05; SBD-P09; SBD-P02,Heavy exposure to a small set of large farmers or regional counterparties without adequate diversification offsets.,"Loss, renegotiation, or distress at a major customer removes a disproportionate share of contracted EBITDA.","Earnings visibility, cash collection, and exit multiple quality deteriorate sharply.",Trond V. Thomson,,Commercial; Strategy & BD; Finance,0–12 months,Fast,3,5,2,4,2,3,Approaching appetite,Stable,Draft,Yes,,,Draft from Project Armada VCDD themes – requires management validation
SBD-R116,Fleet & capacity,Fleet obsolescence erodes residual value and commercial relevance,OBJ-07; OBJ-02,PIL-03; PIL-05,Multiple; Capital allocation; Cash/NIBD,3.3.5; 3.3.6; 3.5.4,SBD-P06; SBD-P10; SBD-P13,"Technology, size, and fish-handling standards advance faster than the modernization and divestment program.",Older or non-gentle vessels become commercially unattractive and residual values fall.,Multiple support from fleet quality weakens and disposal proceeds undershoot plan.,Trond V. Thomson,,Technical & HSEQ; Strategy & BD; Vessel Operations,1–3 years,Slow,3,4,3,3,2,2,Approaching appetite,Stable,Draft,Yes,,,Draft from Project Armada VCDD themes – requires management validation
SBD-R117,Strategy execution,Fleet modernization and disciplined divestments slip,OBJ-07; OBJ-04,PIL-03; PIL-05,Multiple; Capital allocation; Cash/NIBD,3.3.6; 3.3.5; 3.5.4,SBD-P06; SBD-P12; SBD-P13,"Delayed sale processes, attachment to underperforming assets, or insufficient capital for replacements.",Aging vessels remain in the portfolio longer than the quality and residual-value plan allows.,"Avoidable opex, downtime, and valuation discounts accumulate versus a modernized peer set.",Trond V. Thomson,,Strategy & BD; Technical & HSEQ; Finance,1–3 years,Medium,3,4,3,3,2,2,Approaching appetite,Stable,Draft,Yes,,,Draft from Project Armada VCDD themes – requires management validation
SBD-R118,Organizational capacity,"Governance, reporting, or scalability gaps impair exit readiness",OBJ-04; OBJ-06,PIL-03,Multiple,3.3.7; 3.3.8,SBD-P12; SBD-P11; SBD-P01,"Incomplete integration of systems, processes, and controls across the combined platform.","Buyers or lenders question auditability, KPI reliability, or management bandwidth at diligence.",Achievable EV/EBITDA multiple and process certainty at exit are reduced.,Trond V. Thomson,,All units; Finance; ICT,1–3 years,Medium,4,4,3,3,2,2,Outside appetite,Stable,Draft,Yes,,,Draft from Project Armada VCDD themes – requires management validation
SBD-R119,Organizational capacity,Key-person dependency limits scalable execution,OBJ-04; OBJ-06,PIL-03,Multiple,3.3.8; 3.3.7,SBD-P12; SBD-P01; SBD-P08,"Critical commercial, technical, or yard relationships concentrate in a small number of individuals.","Loss or overload of key people slows tenders, newbuilds, integration, or farmer relationships.",Growth delivery and perceived institutional quality supporting the multiple are impaired.,Trond V. Thomson,,Executive Management; Strategy & BD; HR,0–12 months,Fast,3,4,3,3,2,2,Approaching appetite,Stable,Draft,Yes,,,Draft from Project Armada VCDD themes – requires management validation
SBD-R120,Sustainability & regulation,Farming-technology or regulatory shifts change vessel-demand mix,OBJ-02; OBJ-05; OBJ-06,PIL-01; PIL-03; PIL-02,Organic EBITDA; Multiple; Investment EBITDA,3.1.2; 3.3.4; 3.3.5,SBD-P02; SBD-P10; SBD-P09,OUTCOME DRIVERS (market/context): faster closed/semi-closed/land-based/offshore adoption or abrupt policy shifts (e.g. open-cage restrictions) change vessel-demand mix. TRIDENT-SIDE FAILURE MODES (actionable): (1) technology and policy watch not translated into fleet/segment implications; (2) no scenario pack for open-cage restrictions or closed-system acceleration; (3) Capex and commercial plans ignore leading indicators of system shift; (4) late engagement with farmers/regulators on emerging system demand; (5) no trigger to revisit vessel-type bets when adoption or policy milestones hit.,"Required vessel specifications, service intensity, or geographic demand diverge from the current fleet and pipeline.",Earnings quality and growth narrative supporting multiple expansion become less credible.,Trond V. Thomson,,Strategy & BD; Technical & HSEQ; Commercial,>3 years,Slow,3,5,3,4,2,3,Approaching appetite,Increasing,Draft,Yes,,S&BD: (1) maintain a farming-technology and regional-policy watch with fleet implications (SBD-P02/P10/P09); (2) keep scenario packs for open-cage restriction and closed-system acceleration; (3) gate Capex/commercial plans on leading adoption and policy indicators; (4) engage priority farmers/regulators early on emerging system demand; (5) trigger portfolio revisit when adoption or policy milestones breach thresholds.,Draft from Project Armada VCDD themes – requires management validation
SBD-R121,Reputation & partnerships,Premium positioning or farmer trust is damaged,OBJ-01; OBJ-02; OBJ-06,PIL-03; PIL-01,Multiple; Organic EBITDA,3.3.3; 3.1.1; 3.1.3,SBD-P05; SBD-P10; SBD-P09,"OUTCOME DRIVERS (market/context): service failure, biosecurity incidents, or perceived inflexibility hurt premium trust. TRIDENT-SIDE FAILURE MODES (actionable): (1) premium promise not specified in service/contract playbook; (2) no early-warning from Ops/HSEQ into Commercial renewals; (3) S&BD growth narrative outruns delivery capability; (4) farmer feedback not closed into offer design; (5) renewal talks ignore recent service incidents.",Customer assessments and renewal propensity deteriorate versus peers.,"Rate uplift, contract coverage, and partnership-driven multiple support weaken.",Trond V. Thomson,,Commercial; Vessel Operations; Technical & HSEQ; Strategy & BD,0–12 months,Fast,2,5,2,4,1,3,Approaching appetite,Stable,Treatment in progress,Yes,Treat,S&BD+Commercial+HSEQ: (1) premium service standard tied to rate tier; (2) incident-to-account alert before renewal; (3) customer trust dashboard (NPS/complaints/incidents) in renewal brief; (4) do not push rate uplift where open critical incidents exist; (5) partnership review cadence with top farmers (SBD-P05/P09/P10).,Operationalized: protect rate uplift by linking trust signals into renewal gates — validate with Commercial/HSEQ.
SBD-R122,Strategy execution,Working-capital and DSO discipline slips as the group scales,OBJ-01; OBJ-06,PIL-04,Cash conversion; Cash/NIBD,3.4.3; 3.4.4; 3.4.1,SBD-P12; SBD-P05; SBD-P13,"Fragmented billing, multi-entity processes, or customer payment-term pressure after growth and integration.",Days sales outstanding and net working capital rise versus the cash-conversion plan.,Free cash flow lags EBITDA and leverage metrics worsen despite reported earnings.,CFO,,Finance; Commercial; Administration,0–12 months,Medium,3,4,3,3,2,2,Approaching appetite,Stable,Draft,Yes,,,Draft from Project Armada VCDD themes – requires management validation
SBD-R123,Fleet & capacity,Maintenance-capex overruns or deferred backlog catch-up,OBJ-01; OBJ-07,PIL-04; PIL-03,Cash conversion; Multiple; Cash/NIBD,3.4.2; 3.4.1; 3.3.5,SBD-P06; SBD-P07; SBD-P12,"Underestimated dry-dock, upgrade, or compliance spend needed to protect uptime and residual value.",Cash maintenance capex exceeds plan or a backlog forces lumpy catch-up spending.,EBITDA-to-cash conversion falls and near-term liquidity headroom tightens.,CFO,,Technical & HSEQ; Vessel Operations; Finance,1–3 years,Medium,3,4,3,3,2,2,Approaching appetite,Stable,Draft,Yes,,,Draft from Project Armada VCDD themes – requires management validation
SBD-R124,Financing & ownership,Cash interest burden rises with rates or leverage,OBJ-06,PIL-04; PIL-05,Cash conversion; Capital allocation; Cash/NIBD,3.4.5; 3.5.5; 3.5.6,SBD-P07; SBD-P13; SBD-P01,"Higher market rates, refinancing margins, or increased NIBD from the growth program.",Cash interest consumes a larger share of operating cash flow than budgeted.,"Free cash flow and covenant headroom compress, limiting distributions and growth optionality.",CFO,,Finance,0–12 months,Fast,3,4,3,3,2,2,Approaching appetite,Increasing,Draft,Yes,,,Draft from Project Armada VCDD themes – requires management validation
SBD-R125,Financing & ownership,Cash-tax leakage exceeds plan across jurisdictions,OBJ-06,PIL-04,Cash conversion; Cash/NIBD,3.4.6; 3.4.1,SBD-P13; SBD-P01,"Cross-border structure, limited loss utilization, or changing tax rules in core farming regions.",Cash taxes paid exceed the conversion assumptions embedded in the plan.,Free cash flow and equity value per NOK of EBITDA decline.,CFO,,Finance; Legal & Compliance,1–3 years,Slow,2,3,2,3,2,2,Within appetite,Stable,Draft,No,,,Draft from Project Armada VCDD themes – requires management validation
SBD-R126,Capital allocation,Growth CAPEX timing mismatches cash generation,OBJ-03; OBJ-06,PIL-04; PIL-05,Cash conversion; Capital allocation; Cash/NIBD,3.4.1; 3.5.1; 3.5.3,SBD-P07; SBD-P04; SBD-P13,Front-loaded newbuild progress payments before associated TC cash flows commence.,Operating cash after maintenance is insufficient to fund committed growth without incremental debt.,Leverage spikes and cash conversion optics deteriorate during the investment cycle.,CFO,,Finance; Strategy & BD,1–3 years,Medium,4,4,3,3,2,2,Approaching appetite,Stable,Draft,Yes,,,Draft from Project Armada VCDD themes – requires management validation
SBD-R127,Data & assumptions,Cash-conversion forecasting and KPI ownership remain weak,OBJ-01; OBJ-06,PIL-04,Cash conversion; Cash/NIBD,3.4.1; 3.4.3; 3.4.4,SBD-P12; SBD-P13; SBD-P01,"EBITDA-centric reporting without equally rigorous freecash bridges, owners, and variance routines.",Management detects cash shortfalls late relative to EBITDA performance.,Corrective actions lag and exit diligence questions cash quality versus earnings quality.,CFO,,Finance; Strategy & BD,0–12 months,Fast,3,3,3,3,2,2,Approaching appetite,Stable,Draft,No,,,Draft from Project Armada VCDD themes – requires management validation
SBD-R128,Capital allocation,Capital deployed to lower risk-adjusted uses than available alternatives,OBJ-03; OBJ-06,PIL-05; PIL-02,Capital allocation; Investment EBITDA; Cash/NIBD,3.5.1; 3.5.2; 3.5.3,SBD-P03; SBD-P04; SBD-P07; SBD-P13,"Incomplete ranking of organic investment, M&A, debt reduction, and distributions under binding capital constraints.",Cash is allocated to projects or hold decisions with inferior risk-adjusted equity-value creation.,ROIC and equity value per NOK deployed fall short of the capital-allocation mandate.,Trond V. Thomson,,Strategy & BD; Finance,1–3 years,Medium,3,4,3,3,2,2,Approaching appetite,Stable,Draft,Yes,,,Draft from Project Armada VCDD themes – requires management validation
SBD-R129,Capital allocation,ROIC on growth investments stays below cost of capital,OBJ-03,PIL-05; PIL-02,Capital allocation; Investment EBITDA; Cash/NIBD,3.5.2; 3.2.1; 3.5.1,SBD-P04; SBD-P07; SBD-P13,"Optimistic underwriting, post-investment cost overrun, or weaker realized utilization and rates.",Portfolio ROIC on recent growth CAPEX remains below hurdle after stabilization.,Balance-sheet capacity is consumed without commensurate equity-value creation.,Trond V. Thomson,,Strategy & BD; Finance,1–3 years,Slow,3,5,3,4,2,3,Outside appetite,Stable,Draft,Yes,,,Draft from Project Armada VCDD themes – requires management validation
SBD-R130,Financing & ownership,NIBD and leverage exceed target band during growth,OBJ-06,PIL-05; PIL-04,Capital allocation; Cash conversion; Cash/NIBD,3.5.5; 3.5.6; 3.5.3,SBD-P07; SBD-P13; SBD-P01,"Simultaneous newbuild commitments, softer cash conversion, or delayed EBITDA ramp from deliveries.",Net interest-bearing debt / EBITDA and related metrics breach internal targets or approach covenants.,"Financing flexibility, distributions, and exit optionality are constrained.",CFO,,Finance; Strategy & BD,0–12 months,Fast,4,5,3,4,2,3,Outside appetite,Increasing,Draft,Yes,,,Draft from Project Armada VCDD themes – requires management validation
SBD-R131,Financing & ownership,Liquidity or covenant headroom becomes insufficient,OBJ-06,PIL-05,Capital allocation; Cash/NIBD,3.5.6; 3.5.7; 3.5.5,SBD-P07; SBD-P09; SBD-P13,"Undrawn facility limits, progress-payment peaks, or EBITDA shortfalls versus covenant definitions.",Available liquidity or covenant headroom falls below Board risk tolerance.,"Emergency refinancing, forced asset sales, or restricted investment capacity may follow.",CFO,,Finance,0–12 months,Fast,3,5,2,4,2,3,Outside appetite,Stable,Draft,Yes,,,Draft from Project Armada VCDD themes – requires management validation
SBD-R132,Fleet & capacity,Disposal of underperforming assets is delayed or value-destructive,OBJ-07; OBJ-03,PIL-05; PIL-03,Capital allocation; Multiple; Cash/NIBD,3.5.4; 3.3.6; 3.5.1,SBD-P06; SBD-P13; SBD-P03,"Thin second-hand markets, optimistic hold cases, or process delays on identified non-core vessels.",Underperforming assets remain on the balance sheet longer than the portfolio plan.,"Capital stays trapped, ROIC is diluted, and modernization narrative for the multiple weakens.",Trond V. Thomson,,Strategy & BD; Finance; Technical & HSEQ,1–3 years,Medium,3,3,3,3,2,2,Approaching appetite,Stable,Draft,No,,,Draft from Project Armada VCDD themes – requires management validation
SBD-R133,Financing & ownership,Refinancing or financing flexibility is constrained at need,OBJ-06,PIL-05,Capital allocation; Cash/NIBD,3.5.7; 3.5.6; 3.5.5,SBD-P01; SBD-P07; SBD-P13,"Credit-market tightness, vessel-collateral perceptions, or ownership/exit-timing uncertainty.","New facilities, amendments, or bond/bank capacity are unavailable on acceptable terms when required.",Growth investments pause and exit readiness suffers from balance-sheet inflexibility.,CFO,,Finance; Strategy & BD,1–3 years,Medium,3,5,3,4,2,3,Approaching appetite,Stable,Draft,Yes,,,Draft from Project Armada VCDD themes – requires management validation
SBD-R134,Strategy execution,Debt reduction versus growth trade-offs lack a binding decision rule,OBJ-03; OBJ-06,PIL-05,Capital allocation; Cash/NIBD,3.5.3; 3.5.1; 3.5.2,SBD-P01; SBD-P13; SBD-P07,Unclear Board thresholds for when to delever versus fund accretive projects under stress scenarios.,Ad hoc capital choices oscillate between over-investment and excessive conservatism.,Either leverage risk rises or value-accretive opportunities are systematically forgone.,CFO,,Finance; Strategy & BD; Executive Management,0–12 months,Medium,3,4,3,3,2,2,Approaching appetite,Stable,Draft,Yes,,,Draft from Project Armada VCDD themes – requires management validation
SBD-R135,Fleet & capacity,Existing-fleet operating performance undershoots plan,OBJ-01; OBJ-02,PIL-01,Organic EBITDA; Cash/NIBD,3.1.4,SBD-P05; SBD-P06; SBD-P12,"OUTCOME DRIVERS (market/context): vessel reliability, maintenance quality, or operating discipline can fall below the organic performance agenda. TRIDENT-SIDE FAILURE MODES (actionable): (1) organic performance KPIs not linked to S&BD commercial and EBITDA plans; (2) maintenance and reliability shortfalls escalated late to Commercial/S&BD; (3) no joint Ops–Commercial recovery plan when vessels undershoot; (4) off-hire and reliability trends not in the renewal/portfolio forum; (5) performance agenda treated as Ops-only, so S&BD keeps selling capacity that under-delivers.",Contribution margins and off-hire-adjusted operating results on the existing fleet miss plan.,Organic EBITDA and cash conversion weaken even if rates hold.,Trond V. Thomson,,Vessel Operations; Technical & HSEQ; Strategy & BD,0–12 months,Medium,3,4,3,3,2,2,Approaching appetite,Stable,Draft,Yes,,S&BD+Ops: (1) link organic performance KPIs into SBD-P05/P06/P12 reviews; (2) escalate maintenance/reliability shortfalls early to Commercial and S&BD; (3) stand up a joint Ops–Commercial recovery plan when vessels undershoot; (4) put off-hire and reliability trends on the renewal/portfolio forum agenda; (5) withhold growth or rate push where open performance gaps remain.,Library fill — primary home for 3.1.4; validate
SBD-R136,Customer concentration,Long-term contract coverage falls below the earnings-quality target,OBJ-01; OBJ-06,PIL-03,Multiple,3.3.2; 3.3.1,SBD-P05; SBD-P02; SBD-P13,Renewals shorten tenure or the contracted backlog is not rebuilt at target duration.,Share of EBITDA on long-term contracts declines versus the multiple-expansion plan.,Earnings visibility and valuation multiple support weaken.,Trond V. Thomson,,Commercial; Strategy & BD,1–3 years,Medium,3,4,3,3,2,2,Approaching appetite,Stable,Draft,Yes,,,Library fill — primary home for 3.3.2; validate
SBD-R137,Competitive position,Vessel EBITDA volatility remains above the multiple-expansion tolerance,OBJ-01; OBJ-02,PIL-03; PIL-01,Multiple; Organic EBITDA,3.3.4; 3.1.2,SBD-P05; SBD-P02; SBD-P09,"OUTCOME DRIVERS (market/context): spot exposure, off-hire spikes, or segment-mix swings keep vessel EBITDA noisy versus multiple-expansion tolerance. TRIDENT-SIDE FAILURE MODES (actionable): (1) contract cover and spot mix not managed to an explicit volatility band; (2) off-hire spikes not root-caused into commercial and ops actions; (3) segment mix swings not stress-tested against earnings stability targets; (4) no early warning when EBITDA volatility breaches tolerance; (5) S&BD narrative assumes multiple expansion while earnings noise stays high.",Period-to-period vessel EBITDA volatility exceeds the level assumed in the exit multiple story.,Multiple support and planning confidence deteriorate.,Trond V. Thomson,,Commercial; Vessel Operations; Strategy & BD; Finance,0–12 months,Fast,4,3,3,3,2,2,Approaching appetite,Stable,Draft,Yes,,S&BD+Commercial+Finance: (1) set and manage contract-cover vs spot mix to an explicit volatility band (SBD-P05/P02/P09); (2) root-cause material off-hire spikes into Ops and Commercial actions; (3) stress-test segment mix against earnings-stability targets before shifts; (4) escalate when EBITDA volatility breaches the agreed tolerance; (5) condition multiple-expansion messaging on measured volatility improvement.,Library fill — primary home for 3.3.4; validate
SBD-R138,Strategy execution,DSO and collection performance slip versus cash-conversion targets,OBJ-06,PIL-04,Cash conversion; Cash/NIBD,3.4.4; 3.4.3; 3.4.1,SBD-P12; SBD-P05; SBD-P13,"Billing quality, dispute handling, or customer payment behaviour worsens as the group scales.",Days sales outstanding and collection outcomes miss the cash-conversion plan.,Working capital absorbs cash and NIBD headroom tightens.,CFO,,Finance; Commercial; Administration,0–12 months,Medium,3,3,3,3,2,2,Approaching appetite,Stable,Draft,No,,,Library fill — primary home for 3.4.4; validate
